{"accuracy": [0.2702838182449341, 0.5028380751609802, 0.6122704744338989, 0.6691151857376099, 0.7259599566459656, 0.7632721066474915, 0.7927379012107849, 0.82061767578125, 0.8473289012908936, 0.8712019920349121, 0.8893155455589294, 0.9042571187019348, 0.9186143279075623, 0.9294657707214355, 0.9348080158233643, 0.9434056878089905, 0.952420711517334, 0.95818030834198, 0.9595158696174622, 0.9608514308929443, 0.9666110277175903, 0.9636059999465942, 0.97120201587677, 0.9757094979286194, 0.9743739366531372, 0.9792153835296631, 0.981969952583313, 0.9742904901504517, 0.9811352491378784, 0.9783806204795837], "loss": [1.9706778526306152, 1.40901517868042, 1.1252399682998657, 0.9622125029563904, 0.8047495484352112, 0.7003341913223267, 0.6171469688415527, 0.5313573479652405, 0.44282859563827515, 0.3879059851169586, 0.3322386145591736, 0.27955177426338196, 0.23994925618171692, 0.2107616662979126, 0.18800102174282074, 0.16970720887184143, 0.1420564353466034, 0.12986809015274048, 0.132878378033638, 0.11574538797140121, 0.10138747841119766, 0.11312611401081085, 0.08740098774433136, 0.07855454087257385, 0.07422886043787003, 0.06411507725715637, 0.05640000104904175, 0.07422877848148346, 0.05538194626569748, 0.06814920902252197], "val_accuracy": [0.41702836751937866, 0.5809682607650757, 0.662437379360199, 0.7108514308929443, 0.7462437152862549, 0.7682804465293884, 0.7609348893165588, 0.7906510829925537, 0.816360592842102, 0.8500834703445435, 0.8594323992729187, 0.8467445969581604, 0.8654423952102661, 0.8751252293586731, 0.8654423952102661, 0.8881469368934631, 0.8848080039024353, 0.8864774703979492, 0.8928213715553284, 0.8627712726593018, 0.8931552767753601, 0.903171956539154, 0.8751252293586731, 0.8814691305160522, 0.9095158576965332, 0.903171956539154, 0.9038397073745728, 0.9041736125946045, 0.9028380513191223, 0.8804674744606018], "val_loss": [1.5991188287734985, 1.2130428552627563, 0.9817823171615601, 0.8463422060012817, 0.7482972741127014, 0.6935369372367859, 0.6907631158828735, 0.647806704044342, 0.5358545184135437, 0.4848997890949249, 0.443060040473938, 0.4791194498538971, 0.43916696310043335, 0.40531760454177856, 0.4635200500488281, 0.40029704570770264, 0.39605289697647095, 0.42948123812675476, 0.4010489881038666, 0.5586569905281067, 0.44136399030685425, 0.35840219259262085, 0.5335658192634583, 0.5289461016654968, 0.3896317183971405, 0.40079188346862793, 0.45544135570526123, 0.3755318224430084, 0.42940622568130493, 0.5185266733169556]}